{
  "project_info": {
    "project_number": "602988908576",
    "project_id": "sh-developers-demo-projects",
    "storage_bucket": "sh-developers-demo-projects.appspot.com"
  },
  "client": [
    {
      "client_info": {
        "mobilesdk_app_id": "1:602988908576:android:bc4f6786beff4ca0076c45",
        "android_client_info": {
          "package_name": "com.devshiv.gems99"
        }
      },
      "oauth_client": [
        {
          "client_id": "602988908576-6pvjtcvfqviheg13td1hthfvmsuti0i6.apps.googleusercontent.com",
          "client_type": 1,
          "android_info": {
            "package_name": "com.devshiv.gems99",
            "certificate_hash": "5e8f16062ea3cd2c4a0d547876baa6f38cabf625"
          }
        },
        {
          "client_id": "602988908576-nk139d6rqk65l88e2o835hiu0cvqsrgh.apps.googleusercontent.com",
          "client_type": 1,
          "android_info": {
            "package_name": "com.devshiv.gems99",
            "certificate_hash": "79795d4484be7f3f93b3f9b1fdc7b0ecc8faaae9"
          }
        },
        {
          "client_id": "602988908576-6p0t5hjhm0cu5mocbqp97l9fvr8ugstb.apps.googleusercontent.com",
          "client_type": 3
        }
      ],
      "api_key": [
        {
          "current_key": "AIzaSyBXJMnQ9D3n4ISK9r5NiksxXdu-q1OSJlE"
        }
      ],
      "services": {
        "appinvite_service": {
          "other_platform_oauth_client": [
            {
              "client_id": "602988908576-6p0t5hjhm0cu5mocbqp97l9fvr8ugstb.apps.googleusercontent.com",
              "client_type": 3
            }
          ]
        }
      }
    },
    {
      "client_info": {
        "mobilesdk_app_id": "1:602988908576:android:93730a47601047f8076c45",
        "android_client_info": {
          "package_name": "com.devshiv.pocketmoney"
        }
      },
      "oauth_client": [
        {
          "client_id": "602988908576-6p0t5hjhm0cu5mocbqp97l9fvr8ugstb.apps.googleusercontent.com",
          "client_type": 3
        }
      ],
      "api_key": [
        {
          "current_key": "AIzaSyBXJMnQ9D3n4ISK9r5NiksxXdu-q1OSJlE"
        }
      ],
      "services": {
        "appinvite_service": {
          "other_platform_oauth_client": [
            {
              "client_id": "602988908576-6p0t5hjhm0cu5mocbqp97l9fvr8ugstb.apps.googleusercontent.com",
              "client_type": 3
            }
          ]
        }
      }
    },
    {
      "client_info": {
        "mobilesdk_app_id": "1:602988908576:android:03380c8664574a67076c45",
        "android_client_info": {
          "package_name": "com.devshiv.taskearner"
        }
      },
      "oauth_client": [
        {
          "client_id": "602988908576-c6hvh45tmb5pohu6tsl5r5l8od6m8egg.apps.googleusercontent.com",
          "client_type": 1,
          "android_info": {
            "package_name": "com.devshiv.taskearner",
            "certificate_hash": "79795d4484be7f3f93b3f9b1fdc7b0ecc8faaae9"
          }
        },
        {
          "client_id": "602988908576-6p0t5hjhm0cu5mocbqp97l9fvr8ugstb.apps.googleusercontent.com",
          "client_type": 3
        }
      ],
      "api_key": [
        {
          "current_key": "AIzaSyBXJMnQ9D3n4ISK9r5NiksxXdu-q1OSJlE"
        }
      ],
      "services": {
        "appinvite_service": {
          "other_platform_oauth_client": [
            {
              "client_id": "602988908576-6p0t5hjhm0cu5mocbqp97l9fvr8ugstb.apps.googleusercontent.com",
              "client_type": 3
            }
          ]
        }
      }
    },
    {
      "client_info": {
        "mobilesdk_app_id": "1:602988908576:android:adb296ba23b95446076c45",
        "android_client_info": {
          "package_name": "com.devshiv.ytchannel"
        }
      },
      "oauth_client": [
        {
          "client_id": "602988908576-2iv7lu9mk75vh72f9f5k505d5f8r2brm.apps.googleusercontent.com",
          "client_type": 1,
          "android_info": {
            "package_name": "com.devshiv.ytchannel",
            "certificate_hash": "79795d4484be7f3f93b3f9b1fdc7b0ecc8faaae9"
          }
        },
        {
          "client_id": "602988908576-6p0t5hjhm0cu5mocbqp97l9fvr8ugstb.apps.googleusercontent.com",
          "client_type": 3
        }
      ],
      "api_key": [
        {
          "current_key": "AIzaSyBXJMnQ9D3n4ISK9r5NiksxXdu-q1OSJlE"
        }
      ],
      "services": {
        "appinvite_service": {
          "other_platform_oauth_client": [
            {
              "client_id": "602988908576-6p0t5hjhm0cu5mocbqp97l9fvr8ugstb.apps.googleusercontent.com",
              "client_type": 3
            }
          ]
        }
      }
    },
    {
      "client_info": {
        "mobilesdk_app_id": "1:602988908576:android:e541d1f5e46c8627076c45",
        "android_client_info": {
          "package_name": "com.freeredeemcodeforgames.giftcodefreeredeem"
        }
      },
      "oauth_client": [
        {
          "client_id": "602988908576-esbcndlbd97ugof6b9236eii00s69hfi.apps.googleusercontent.com",
          "client_type": 1,
          "android_info": {
            "package_name": "com.freeredeemcodeforgames.giftcodefreeredeem",
            "certificate_hash": "5e8f16062ea3cd2c4a0d547876baa6f38cabf625"
          }
        },
        {
          "client_id": "602988908576-o85b8gj0edkdd1ofniuq016um8lc3hdr.apps.googleusercontent.com",
          "client_type": 1,
          "android_info": {
            "package_name": "com.freeredeemcodeforgames.giftcodefreeredeem",
            "certificate_hash": "1b9e968aa83fd5267b00d8d3ee9062a92ee66170"
          }
        },
        {
          "client_id": "602988908576-smpm5bkqfvp7sppviqkg6pgognmr7lda.apps.googleusercontent.com",
          "client_type": 1,
          "android_info": {
            "package_name": "com.freeredeemcodeforgames.giftcodefreeredeem",
            "certificate_hash": "79795d4484be7f3f93b3f9b1fdc7b0ecc8faaae9"
          }
        },
        {
          "client_id": "602988908576-6p0t5hjhm0cu5mocbqp97l9fvr8ugstb.apps.googleusercontent.com",
          "client_type": 3
        }
      ],
      "api_key": [
        {
          "current_key": "AIzaSyBXJMnQ9D3n4ISK9r5NiksxXdu-q1OSJlE"
        }
      ],
      "services": {
        "appinvite_service": {
          "other_platform_oauth_client": [
            {
              "client_id": "602988908576-6p0t5hjhm0cu5mocbqp97l9fvr8ugstb.apps.googleusercontent.com",
              "client_type": 3
            }
          ]
        }
      }
    }
  ],
  "configuration_version": "1"
}